Alphabet City,Lower Manhattan
Battery Park City,Lower Manhattan
Bowery,Lower Manhattan
Chinatown,Lower Manhattan
Civic Center,Lower Manhattan
Cooperative Village,Lower Manhattan
East Village,Lower Manhattan
Essex Crossing,Lower Manhattan
Financial District,Lower Manhattan
Greenwich Village,Lower Manhattan
Hudson Square,Lower Manhattan
Little Fuzhou,Lower Manhattan
Little Germany,Lower Manhattan
Little Italy,Lower Manhattan
Lower East Side,Lower Manhattan
Meatpacking District,Lower Manhattan
NoHo,Lower Manhattan
Nolita,Lower Manhattan
SoHo,Lower Manhattan
South Street Seaport,Lower Manhattan
South Village,Lower Manhattan
Tribeca,Lower Manhattan
Two Bridges,Lower Manhattan
West Village,Lower Manhattan
World Trade Center,Lower Manhattan
Columbus Circle,Midtown
Diamond District,Midtown
Flatiron District,Midtown
Garment District,Midtown
Herald Square,Midtown
Koreatown,Midtown
Madison Square,Midtown
NoMad,Midtown
Silicon Alley,Midtown
Theater District,Midtown
Times Square,Midtown
Astor Row,Upper Manhattan
East Harlem,Upper Manhattan
Hamilton Heights,Upper Manhattan
Harlem,Upper Manhattan
Hudson Heights,Upper Manhattan
Inwood,Upper Manhattan
Le Petit Senegal,Upper Manhattan
Manhattanville,Upper Manhattan
Marble Hill,Upper Manhattan
Marcus Garvey Park,Upper Manhattan
Morningside Heights,Upper Manhattan
Sugar Hill,Upper Manhattan
Sylvan,Upper Manhattan
Washington Heights,Upper Manhattan
Marble Hill,Upper Manhattan
Inwood,Upper Manhattan
Fort George,Upper Manhattan
Washington Heights,Upper Manhattan
Hudson Heights,Upper Manhattan
West Harlem,Upper Manhattan
Hamilton Heights,Upper Manhattan
Manhattanville,Upper Manhattan
ViVa, Viaduct Valley,Upper Manhattan
Morningside Heights, SoHa,Upper Manhattan
Central Harlem,Upper Manhattan
Harlem,Upper Manhattan
Strivers Row,Upper Manhattan
Astor Row,Upper Manhattan
Sugar Hill,Upper Manhattan
Marcus Garvey Park, Mount Morris Historical District,Upper Manhattan
Le Petit Senegal (Little Senegal),Upper Manhattan
East Harlem,Upper Manhattan
Spanish Harlem,Upper Manhattan
Upper East Side,Upper Manhattan
Carnegie Hill,Upper Manhattan
Yorkville,Upper Manhattan
Upper West Side,Upper Manhattan
Bloomingdale District,Upper Manhattan
Manhattan Valley,Upper Manhattan
Lincoln Square,Upper Manhattan
Columbus Circle,Midtown
Sutton Place,Midtown
Radio City,Midtown
Rockefeller Center,Midtown
Diamond District,Midtown
Theater District,Midtown
Turtle Bay,Midtown
Midtown East,Midtown
Midtown,Midtown
Tudor City,Midtown
Little Brazil,Midtown
Times Square,Midtown
Hudson Yards,Midtown
Midtown West,Midtown
Hells Kitchen,Midtown
Garment District,Midtown
Herald Square,Midtown
Koreatown,Midtown
Murray Hill,Midtown
Tenderloin,Midtown
Madison Square,Midtown
Flower District,Lower Manhattan
Brookdale,Lower Manhattan
Kips Bay,Lower Manhattan
Rose Hill,Lower Manhattan
NoMad,Lower Manhattan
Peter Cooper Village,Lower Manhattan
Chelsea,Lower Manhattan
Flatiron District,Lower Manhattan
Gramercy Park,Lower Manhattan
Stuyvesant Square,Lower Manhattan
Union Square,Lower Manhattan
Stuyvesant Town,Lower Manhattan
Meatpacking District,Lower Manhattan
Waterside Plaza,Lower Manhattan
Little Germany,Lower Manhattan
Alphabet City,Lower Manhattan
East Village,Lower Manhattan
Greenwich Village,Lower Manhattan
NoHo,Lower Manhattan
Bowery,Lower Manhattan
West Village,Lower Manhattan
Lower East Side,Lower Manhattan
SoHo,Lower Manhattan
Nolita,Lower Manhattan
Little Italy,Lower Manhattan
Chinatown,Lower Manhattan
Financial District,Lower Manhattan
Five Points,Lower Manhattan
Cooperative Village,Lower Manhattan
Two Bridges,Lower Manhattan
TriBeCa,Lower Manhattan
Civic Center,Lower Manhattan
Radio Row,Lower Manhattan
South Street Seaportï¿½Historical District,Lower Manhattan
Battery Park City,Lower Manhattan
New York,New York
